model_name,roc_auc,accuracy,precision,recall,f1_score
random_forest,0.9435105213082748,0.9268779635637634,0.9561628237973242,0.9602630074328188,0.9582085294537156
